region,signal,label,target,ic_4w,t_4w,n_4w,ic_13w,t_13w,n_13w,ic_26w,t_26w,n_26w,ic13_first_half,ic13_second_half,ret13_when_easy,ret13_when_tight,start,verdict
GLOBAL,COMPOSITE,Composite score,World (equal-weight),0.0715,1.0192,204,0.0703,0.5456,62,0.1276,0.6805,30,-0.1802,0.2769,1.7295,1.3623,2010-12,no reliable link
GLOBAL,fed_net_liquidity,fed_net_liquidity,World (equal-weight),0.1210,1.6399,183,0.1341,0.9849,55,0.1241,0.6251,27,0.0753,0.2087,2.4796,1.5558,2012-08,weak but consistent
GLOBAL,g3_cb_assets_usd,g3_cb_assets_usd,World (equal-weight),0.1374,1.9076,191,0.2470,1.9077,58,0.3222,1.7352,28,-0.0146,0.4184,3.6776,0.5616,2011-12,no reliable link
GLOBAL,us_hy_oas,us_hy_oas,World (equal-weight),,,0,,,0,,,0,,,4.8838,10.9769,2024-09,too little history
GLOBAL,us_ig_oas,us_ig_oas,World (equal-weight),,,0,,,0,,,0,,,5.2232,12.0300,2024-09,too little history
GLOBAL,nfci,nfci,World (equal-weight),0.0204,0.2903,204,-0.0467,-0.3625,62,-0.0004,-0.0023,30,-0.1062,0.0357,1.3564,1.8112,2010-12,no reliable link
GLOBAL,vix,vix,World (equal-weight),-0.1366,-1.9592,204,-0.1689,-1.3275,62,-0.1087,-0.5786,30,-0.0168,-0.2997,0.4124,3.5947,2010-12,no reliable link
GLOBAL,move,move,World (equal-weight),0.0440,0.6264,204,0.0835,0.6488,62,0.2391,1.3028,30,-0.0591,0.2712,1.7402,1.2110,2010-12,no reliable link
GLOBAL,broad_usd,broad_usd,World (equal-weight),-0.0484,-0.6886,204,-0.1170,-0.9126,62,-0.1729,-0.9292,30,-0.2597,0.0250,0.9597,1.7560,2010-12,no reliable link
US,COMPOSITE,Composite score,US,0.0447,0.6364,204,0.0468,0.3630,62,0.0174,0.0919,30,-0.0878,0.1511,2.7424,2.9536,2010-12,no reliable link
US,us_m2_yoy,us_m2_yoy,US,0.1187,1.6428,191,0.2243,1.7226,58,0.2367,1.2421,28,0.1809,0.2619,4.1433,2.2452,2011-12,weak but consistent
US,us_fed_funds,us_fed_funds,US,0.0469,0.6680,204,0.0693,0.5383,62,0.0665,0.3529,30,-0.0605,0.1690,2.7798,2.8962,2010-12,no reliable link
US,us_2s10s,us_2s10s,US,0.0476,0.6779,204,0.1034,0.8054,62,0.1057,0.5623,30,-0.1037,0.2070,3.8571,2.2875,2010-12,no reliable link
US,us_bank_credit,us_bank_credit,US,-0.0224,-0.3086,191,-0.0526,-0.3940,58,-0.1255,-0.6448,28,-0.1710,0.0574,2.6489,3.5028,2011-12,no reliable link
US,us_reserves_gdp,us_reserves_gdp,US,0.0263,0.3741,204,0.0170,0.1320,62,0.0030,0.0159,30,-0.0438,0.1131,2.5685,3.0653,2010-12,no reliable link
US,us_sofr_iorb,us_sofr_iorb,US,0.0220,0.2147,97,-0.0693,-0.3608,29,-0.1256,-0.4385,14,-0.0696,0.0642,2.2649,4.7452,2019-03,no reliable link
EU,COMPOSITE,Composite score,EU,-0.0219,-0.3110,204,-0.0220,-0.1705,62,-0.0174,-0.0923,30,-0.2256,0.1048,1.2597,1.2401,2010-12,no reliable link
EU,ecb_assets,ecb_assets,EU,0.0213,0.2923,191,0.0455,0.3405,58,0.0571,0.2918,28,-0.0635,0.1182,1.8143,1.4942,2011-12,no reliable link
EU,eu_m3_yoy,eu_m3_yoy,EU,0.1097,1.0174,87,0.1963,0.9805,26,0.2244,0.7282,12,0.2161,0.0493,3.5189,0.8084,2019-12,weak but consistent
EU,eurusd,eurusd,EU,-0.0654,-0.9316,204,-0.0670,-0.5201,62,-0.0729,-0.3867,30,-0.2380,0.0671,0.9036,1.4898,2010-12,no reliable link
JP,COMPOSITE,Composite score,JP,0.0746,1.0639,204,0.1145,0.8928,62,0.0937,0.4978,30,0.1672,-0.0347,5.3678,1.8891,2010-12,no reliable link
JP,boj_assets,boj_assets,JP,0.0654,0.9005,191,0.1053,0.7927,58,0.0747,0.3821,28,0.1901,-0.0057,6.1949,2.0346,2011-12,no reliable link
JP,jp_m2_yoy,jp_m2_yoy,JP,0.0533,0.4917,87,0.0749,0.3677,26,0.0285,0.0903,12,0.2242,0.2339,5.0365,3.8260,2019-12,weak but consistent
JP,usdjpy,usdjpy,JP,-0.0585,-0.8332,204,-0.0878,-0.6830,62,-0.0492,-0.2606,30,0.0783,-0.2747,2.7316,3.3405,2010-12,no reliable link
HK,COMPOSITE,Composite score,HK,0.0502,0.7144,204,0.0907,0.7053,62,0.1086,0.5781,30,-0.0979,0.2699,0.5648,-0.4094,2010-12,no reliable link
HK,hibor_3m,hibor_3m,HK,0.1039,1.0343,100,0.1515,0.8113,30,0.0481,0.1667,14,0.3243,0.1689,-0.2084,-0.4906,2018-12,weak but consistent
HK,hk_m2_yoy,hk_m2_yoy,HK,0.2133,2.0128,87,0.4031,2.1579,26,0.5354,2.0048,12,0.2485,0.4205,2.7406,-4.3398,2019-12,useful
HK,usdhkd,usdhkd,HK,0.0058,0.0824,204,0.0546,0.4236,62,0.0960,0.5101,30,-0.0979,0.1586,0.1802,0.0363,2010-12,no reliable link
SG,COMPOSITE,Composite score,SG,0.0146,0.2069,204,0.0384,0.2979,62,0.1283,0.6845,30,-0.1423,0.2339,1.0753,0.7765,2010-12,no reliable link
SG,sg_m2_yoy,sg_m2_yoy,SG,0.0397,0.3664,87,0.1681,0.8354,26,0.3865,1.3253,12,-0.0025,0.1516,3.0711,1.5800,2019-12,no reliable link
SG,usdsgd,usdsgd,SG,0.0663,0.9440,204,0.0850,0.6611,62,0.0810,0.4299,30,-0.1423,0.2976,1.2037,0.5060,2010-12,no reliable link
KR,COMPOSITE,Composite score,KR,0.1073,1.5342,204,0.1518,1.1899,62,0.1713,0.9198,30,-0.0973,0.3412,3.8149,-0.4839,2010-12,no reliable link
KR,kr_3m_rate,kr_3m_rate,KR,0.1830,2.6459,204,0.3023,2.4565,62,0.3753,2.1422,30,0.0479,0.4592,4.3823,-1.4206,2010-12,useful
KR,kr_m2_yoy,kr_m2_yoy,KR,0.2371,2.2503,87,0.2530,1.2810,26,0.2421,0.7892,12,0.1430,0.5355,7.2197,0.0299,2019-12,weak but consistent
KR,usdkrw,usdkrw,KR,-0.1128,-1.6133,204,-0.1890,-1.4910,62,-0.3078,-1.7117,30,-0.3653,-0.0496,-0.5398,3.3817,2010-12,no reliable link
CN,COMPOSITE,Composite score,CN,0.0056,0.0801,204,-0.0627,-0.4868,62,0.0416,0.2201,30,-0.1581,0.0288,0.0722,1.1587,2010-12,no reliable link
CN,cn_m2_yoy,cn_m2_yoy,CN,0.0443,0.4090,87,0.0147,0.0723,26,-0.0676,-0.2144,12,0.3303,-0.2619,0.2595,0.8026,2019-12,no reliable link
CN,cn_pboc_assets,cn_pboc_assets,CN,-0.0919,-0.8509,87,-0.0775,-0.3809,26,-0.0989,-0.3144,12,0.0386,-0.2103,1.0183,-0.6555,2019-12,no reliable link
CN,cn_loan_growth,cn_loan_growth,CN,0.1419,1.4186,100,0.1413,0.7552,30,0.1263,0.4411,14,0.4896,-0.3143,8.7645,-0.0514,2018-12,no reliable link
CN,cn_3m_rate,cn_3m_rate,CN,0.0482,0.6862,204,0.0961,0.7475,62,0.2787,1.5354,30,-0.0265,0.2321,1.1843,-0.5653,2010-12,no reliable link
CN,usdcny,usdcny,CN,-0.1023,-1.4620,204,-0.2202,-1.7484,62,-0.3414,-1.9223,30,-0.2145,-0.1546,-1.0025,2.0029,2010-12,no reliable link
